{"train_loss": [0.3545183911919594, 0.34489252517937097, 0.34387672360345817, 0.3428714151500137, 0.3430752525473856, 0.34245859788861244, 0.34193905352786846, 0.34170319742647703, 0.34093433079920754, 0.34068554293388015, 0.3403200367880855, 0.3399810727187403, 0.3400377915923003, 0.34004704132201563, 0.33916435642227244, 0.33918032766717254, 0.3392350786146085, 0.3388786300020233, 0.3385249218743318, 0.33840953698678383, 0.3382462525538578, 0.33783618087886247, 0.33789426306630393, 0.33763504666602534, 0.3377458537887236, 0.33752685965626106, 0.337220107294192], "val_loss": [0.3403030425310135, 0.34010016829879197, 0.33931941522492304, 0.3390556667689924, 0.3394933092373389, 0.3389243197661859, 0.3383227769975309, 0.33884089544967366, 0.338112070383849, 0.3385558413134681, 0.339872764216529, 0.33823881502504705, 0.3389519483954818, 0.3383660164144304, 0.3400089395266992, 0.33811129706877247, 0.33936231224625196, 0.3376768522792392, 0.33782391393626177, 0.3389235772468426, 0.339007313825466, 0.3383960316578547, 0.3383360107739766, 0.3386785713610826, 0.3387786763685721, 0.3395766004368111, 0.33935356051833543], "train_acc": [0.8478998449863352, 0.8505767877931408, 0.8507511003480026, 0.8513549688416309, 0.851105950906114, 0.8516911430545785, 0.851498154154553, 0.8516911430545785, 0.8516973685029664, 0.8517907502287853, 0.8521642771320604, 0.852512902241784, 0.8517035939513543, 0.8527121165901974, 0.8520708954062416, 0.8528054983160163, 0.8529175563869987, 0.8528615273515074, 0.8527183420385853, 0.8527245674869732, 0.8525502549321115, 0.8526747638998698, 0.853135447080576, 0.8531229961838002, 0.8522950115482067, 0.8529424581805505, 0.8533346614289894], "val_acc": [0.8529386130559833, 0.8503239301589146, 0.8525028325731385, 0.852706196798466, 0.8525899886697075, 0.8504982423520525, 0.8543912146654659, 0.8544202666976555, 0.853548705731966, 0.8538682780860521, 0.8523866244443798, 0.8544493187298452, 0.8515441155108799, 0.8534906016675866, 0.8544783707620348, 0.8538973301182418, 0.8538682780860521, 0.8541587984079486, 0.8540716423113797, 0.8519217919293455, 0.8530548211847419, 0.8536068097963453, 0.8534906016675866, 0.8541587984079486, 0.8538101740216728, 0.8540135382470003, 0.8529967171203626], "train_roc_auc": [0.7916192269853598, 0.8066282367310775, 0.8085809833006538, 0.8100112773745201, 0.8096992423094429, 0.8104684524754684, 0.8112835978436186, 0.8116430324539383, 0.8125896248288436, 0.8128955700812862, 0.8138261000032421, 0.8141420808672409, 0.8139670060084052, 0.8138521117627449, 0.8150237777133681, 0.8150634932714154, 0.8150852162556156, 0.8158794442526436, 0.8164096458008455, 0.8165529381318617, 0.8164870691664124, 0.8171845106646813, 0.8171166696972237, 0.8174309694833575, 0.8174852263125866, 0.8176516797952261, 0.8179481763699628], "val_roc_auc": [0.8137623006899134, 0.8154660557668458, 0.8160325407371662, 0.8155565156219035, 0.8160974797587278, 0.8170026484070674, 0.8172442428074902, 0.8170562864621499, 0.8167719119257206, 0.8167431138445224, 0.8150524058620696, 0.8169689018773013, 0.8166569574131369, 0.8166605897503016, 0.8156173108471662, 0.8163311286252093, 0.816371612081663, 0.8171404068301021, 0.8165768081833045, 0.8161324348957478, 0.8162274425020898, 0.8156995580367601, 0.8161078197032667, 0.8163024054711455, 0.8152973459219258, 0.8153672594536673, 0.8151617375818764]}