{"train_loss": [0.3555774533778281, 0.34591413304135576, 0.3451938975732125, 0.34411574564688835, 0.34421933781522424, 0.3437147832739709, 0.34364212332154387, 0.34344202090999976, 0.34364133204023045, 0.3431201161659179, 0.3430899521567632, 0.34306496921092716, 0.34322751478398617, 0.34288308749077334, 0.34272996258379806, 0.34224626305165573, 0.34235635253401536, 0.3425637568666864, 0.34206398539430466, 0.34221666215441715, 0.3421406641194773, 0.34223608238928355, 0.34222197460372056, 0.3418441906534321, 0.3416705105954142, 0.34187811025561976, 0.3418580508276598, 0.3418358566230209, 0.34195468724885986, 0.3418114008891642, 0.34154363562218587, 0.3417913476885551, 0.3415210519857074, 0.34117731872705087, 0.3415327386661845, 0.3413751792551866, 0.3409666219791073, 0.34148670534663533, 0.34097691234293864, 0.34149394701443503, 0.3412833994634412, 0.34082711680759836, 0.3414307686486351, 0.34141012987316544, 0.3410065569984379, 0.3409237217584356, 0.34129774650160355, 0.3412086585379062, 0.34081644991144017, 0.34084653294649886, 0.3409839109957811, 0.3406073976104236, 0.3406868005606962, 0.3406735328188287, 0.34044356269771187, 0.34050475424201926, 0.3402901810978479, 0.3404651042166634, 0.34072318137507535, 0.34071242901964566, 0.34070614161924345, 0.34108662729461986, 0.34029864319669667, 0.3404343934423888, 0.34012518146663756, 0.3405748536226465, 0.34018634652616964, 0.3404063231575845, 0.3404386788421306, 0.3401217124800184, 0.34030351973143386, 0.34037894768575533, 0.3396702288321002, 0.3399733838935693, 0.34017626998658795, 0.34010343349988187, 0.34017532683946006, 0.33996287294065775, 0.3399442549035027, 0.3401060661310284, 0.3395075055386, 0.3402028202417478, 0.34014265318934006, 0.3398340883206076, 0.3399682118562027, 0.3396803988560812, 0.34006970042168205, 0.34000420622268124, 0.3400010688425, 0.33955079798971244, 0.33941134710365267, 0.33983727283219795, 0.3399475658896254, 0.3396604966872664, 0.33958032780989483, 0.33963483868546746, 0.33934750508016615, 0.3392014779076351, 0.33970119726302017, 0.3400147691072516], "val_loss": [0.3404839192167183, 0.3388050908298162, 0.3377244923845192, 0.33863745552266955, 0.33665390114563737, 0.3377448846666799, 0.33731159274977757, 0.3391492407273695, 0.3372977353589383, 0.33882486794380784, 0.3376697459489624, 0.3380523622897319, 0.3369315499170667, 0.3370481786355807, 0.3370325165676933, 0.33920652880144947, 0.33775914826489595, 0.33793788605687247, 0.3375190133821068, 0.3380607249419813, 0.33766623564882775, 0.3368291819543508, 0.33714220935554173, 0.33758762823363947, 0.33669013680750237, 0.3393983100191017, 0.33887610726618356, 0.33804252890148606, 0.3381561691189088, 0.3368018614935737, 0.33993405086456696, 0.33675619391347633, 0.33859486188847204, 0.3369818788904675, 0.33905997338322547, 0.33723856207263264, 0.33724544451415883, 0.3371333444566396, 0.33722063554504705, 0.33930761104374263, 0.3374792033365007, 0.337559151425527, 0.337251433144415, 0.33688285748738084, 0.33675655068000615, 0.33740329432349675, 0.33688855705233667, 0.3374981833675693, 0.33711880953670237, 0.3366347653845142, 0.33705877456706385, 0.3367236517585082, 0.34062548558836037, 0.33721761887817714, 0.3374745986192902, 0.33680400459063536, 0.3370061222183911, 0.33654946252445267, 0.33760684918116973, 0.33751625003497726, 0.3372350286886182, 0.33748299159066525, 0.3384593626150506, 0.33736434380787644, 0.33745192198050505, 0.3374066045346288, 0.3368193163520339, 0.3376537322825779, 0.33763260398641487, 0.3368820654863567, 0.33718649483140495, 0.3367753101222088, 0.3374418313964943, 0.3369654837371297, 0.33747078176867756, 0.33716775106556846, 0.33793022203652157, 0.3376787540023726, 0.3369751949014002, 0.3379640687752321, 0.33762068391879857, 0.3372908141571662, 0.3387939867945765, 0.33802080550634794, 0.33722985281765117, 0.33737305125404643, 0.3378832150745943, 0.33720936785543587, 0.3372451434762492, 0.3378020667960878, 0.33735357035446717, 0.3384915652302648, 0.3387199632521999, 0.33783577451471647, 0.3379630014041945, 0.3373283754194403, 0.337207899531188, 0.33747106954196976, 0.3376627672958925, 0.33738185336135024], "val_acc": [0.8509340228348973, 0.8539844862148107, 0.8548269951483106, 0.8536939658929142, 0.8550884634380175, 0.8543912146654659, 0.8545655268586038, 0.8530548211847419, 0.854797943116121, 0.8518055838005868, 0.8539554341826211, 0.8542750065367073, 0.8548269951483106, 0.8544202666976555, 0.8548269951483106, 0.8548269951483106, 0.8549432032770692, 0.8538101740216728, 0.8546526829551727, 0.85404259027919, 0.8534324976032074, 0.8547398390517417, 0.8545655268586038, 0.8538973301182418, 0.8541878504401383, 0.8518927398971559, 0.8532000813456901, 0.8537520699572935, 0.8529095610237936, 0.855204671566776, 0.8525899886697075, 0.8544783707620348, 0.8529095610237936, 0.8545364748264141, 0.8521542081868627, 0.8548269951483106, 0.8543331106010865, 0.8551756195345864, 0.8548560471805002, 0.8512245431567939, 0.854797943116121, 0.8544783707620348, 0.8541587984079486, 0.85404259027919, 0.8544783707620348, 0.8545074227942244, 0.8545655268586038, 0.8544783707620348, 0.8541878504401383, 0.8549432032770692, 0.8541587984079486, 0.8543621626332762, 0.8496847854507423, 0.8544783707620348, 0.85404259027919, 0.854797943116121, 0.8542459545045176, 0.8550594114058279, 0.8540135382470003, 0.8538682780860521, 0.8539554341826211, 0.8538973301182418, 0.853461549635397, 0.8536358618285349, 0.8547688910839313, 0.8538392260538624, 0.8541006943435693, 0.8537811219894832, 0.8534034455710177, 0.8542459545045176, 0.8543912146654659, 0.8547688910839313, 0.8536649138607245, 0.8542459545045176, 0.8539263821504314, 0.854216902472328, 0.8536649138607245, 0.853548705731966, 0.8536939658929142, 0.8540716423113797, 0.8539554341826211, 0.8537811219894832, 0.8532000813456901, 0.85404259027919, 0.8543621626332762, 0.8541878504401383, 0.8536358618285349, 0.854129746375759, 0.8548269951483106, 0.8540135382470003, 0.8543912146654659, 0.8530548211847419, 0.8531710293135005, 0.8533453415066384, 0.854216902472328, 0.8545364748264141, 0.8543331106010865, 0.8542459545045176, 0.8545074227942244, 0.8535196536997763],